point_id,ucx,ucy,u1x,u1y,u2x,u2y,u3x,u3y,u4x,u4y,w1x,w1y,w1z,w2x,w2y,w2z,w3x,w3y,w3z,w4x,w4y,w4z,px,py,pz,qx,qy,qz,qw
1,739,444,616,579,876,571,853,317,612,310,-0.043,-0.043,0.0,0.043,-0.043,0.0,0.043,0.043,0.0,-0.043,0.043,0.0,0.0358824818592,0.0254084614057,0.29948714441,0.987276778255,-0.00162449306567,0.105336318962,0.119105768323
2,328,452,150,600,476,603,494,323,193,284,-0.043,-0.043,0.0,0.043,-0.043,0.0,0.043,0.043,0.0,-0.043,0.043,0.0,-0.0852518198987,0.0235540126499,0.263898405821,0.976297183172,0.0339273729117,0.186372558345,0.104680528242
3,782,407,689,517,893,507,869,303,677,301,-0.043,-0.043,0.0,0.043,-0.043,0.0,0.043,0.043,0.0,-0.043,0.043,0.0,0.0,0.0,0.0,0.0,0.0,0.0,0.0
4,732,486,576,632,881,647,875,348,596,319,-0.043,-0.043,0.0,0.043,-0.043,0.0,0.043,0.043,0.0,-0.043,0.043,0.0,0.0,0.0,0.0,0.0,0.0,0.0,0.0
5,864,412,766,544,995,509,961,280,733,315,-0.043,-0.043,0.0,0.043,-0.043,0.0,0.043,0.043,0.0,-0.043,0.043,0.0,0.0,0.0,0.0,0.0,0.0,0.0,0.0
6,551,333,473,500,719,412,644,163,368,259,-0.043,-0.043,0.0,0.043,-0.043,0.0,0.043,0.043,0.0,-0.043,0.043,0.0,0.0,0.0,0.0,0.0,0.0,0.0,0.0
7,651,459,529,579,772,582,765,346,540,326,-0.043,-0.043,0.0,0.043,-0.043,0.0,0.043,0.043,0.0,-0.043,0.043,0.0,0.0,0.0,0.0,0.0,0.0,0.0,0.0