point_id,ucx,ucy,u1x,u1y,u2x,u2y,u3x,u3y,u4x,u4y,w1x,w1y,w1z,w2x,w2y,w2z,w3x,w3y,w3z,w4x,w4y,w4z,px,py,pz,qx,qy,qz,qw
1,739.0,444.0,616.0,579.0,876.0,571.0,853.0,317.0,612.0,310.0,-0.043,-0.043,0.0,0.043,-0.043,0.0,0.043,0.043,0.0,-0.043,0.043,0.0,0.035611838714289114,0.025169103419932524,0.2997061064984635,0.9879131490009053,-0.0021850303704324405,0.10405769223634811,0.11486876146211687
2,328.0,452.0,150.0,600.0,476.0,603.0,494.0,323.0,193.0,284.0,-0.043,-0.043,0.0,0.043,-0.043,0.0,0.043,0.043,0.0,-0.043,0.043,0.0,-0.0851453897372953,0.024375596287125476,0.26354682860147394,0.9743831435990669,0.03469813980774186,0.19587313023231984,0.10491542030071534
3,782.0,407.0,689.0,517.0,893.0,507.0,869.0,303.0,677.0,301.0,-0.043,-0.043,0.0,0.043,-0.043,0.0,0.043,0.043,0.0,-0.043,0.043,0.0,0.06095835903918055,0.016733872194810154,0.3706139228462544,0.9873208429133399,-0.014958146964191444,0.11863198607287162,0.10440430483795068
4,732.0,486.0,576.0,632.0,881.0,647.0,875.0,348.0,596.0,319.0,-0.043,-0.043,0.0,0.043,-0.043,0.0,0.043,0.043,0.0,-0.043,0.043,0.0,0.02895376508237442,0.03305630074989659,0.25807480243411024,0.986550649280092,0.03736818457114234,0.09822088933748262,0.1251962143382946
5,864.0,412.0,766.0,544.0,995.0,509.0,961.0,280.0,733.0,315.0,-0.043,-0.043,0.0,0.043,-0.043,0.0,0.043,0.043,0.0,-0.043,0.043,0.0,0.08534775655811441,0.018173060994594124,0.33972274036987643,0.9971879756706955,-0.07464421260019714,0.004754328303990071,-0.004666804630022565
6,551.0,333.0,473.0,500.0,719.0,412.0,644.0,163.0,368.0,259.0,-0.043,-0.043,0.0,0.043,-0.043,0.0,0.043,0.043,0.0,-0.043,0.043,0.0,-0.024862927507683104,-0.0072101277768303875,0.2861152108532821,-0.9676335713326988,0.16226662755179422,-0.05482708102984468,0.18533430443023988
7,651.0,459.0,529.0,579.0,772.0,582.0,765.0,346.0,540.0,326.0,-0.043,-0.043,0.0,0.043,-0.043,0.0,0.043,0.043,0.0,-0.043,0.043,0.0,0.007642770269973354,0.03202345157311865,0.32091111328270105,0.9823594948187596,0.022441637189533827,0.14096582552148543,0.12080907207130874
